monat,zinsen,tilgung
1,474.28,777.5
2,473.09,778.69
3,471.9,779.88
4,470.71,781.07
5,469.52,782.26
6,468.33,783.45
7,467.13,784.65
8,465.94,785.84
9,464.74,787.04
10,463.54,788.24
11,462.34,789.44
12,461.13,790.65
13,459.93,791.85
14,458.72,793.06
15,457.51,794.27
16,456.3,795.48
17,455.09,796.69
18,453.87,797.91
19,452.65,799.13
20,451.43,800.35
21,450.21,801.57
22,448.99,802.79
23,447.77,804.01
24,446.54,805.24
25,445.31,806.47
26,444.08,807.7
27,442.85,808.93
28,441.62,810.16
29,440.38,811.4
30,439.15,812.63
31,437.91,813.87
32,436.67,815.11
33,435.42,816.36
34,434.18,817.6
35,432.93,818.85
36,431.68,820.1
37,430.43,821.35
38,429.18,822.6
39,427.92,823.86
40,426.67,825.11
41,425.41,826.37
42,424.15,827.63
43,422.89,828.89
44,421.62,830.16
45,420.36,831.42
46,419.09,832.69
47,417.82,833.96
48,416.55,835.23
49,415.27,836.51
50,414.0,837.78
51,412.72,839.06
52,411.44,840.34
53,410.16,841.62
54,408.88,842.9
55,407.59,844.19
56,406.3,845.48
57,405.01,846.77
58,403.72,848.06
59,402.43,849.35
60,401.13,850.65
61,399.84,851.94
62,398.54,853.24
63,397.24,854.54
64,395.93,855.85
65,394.63,857.15
66,393.32,858.46
67,392.01,859.77
68,390.7,861.08
69,389.39,862.39
70,388.07,863.71
71,386.75,865.03
72,385.44,866.34
73,384.11,867.67
74,382.79,868.99
75,381.47,870.31
76,380.14,871.64
77,378.81,872.97
78,377.48,874.3
79,376.14,875.64
80,374.81,876.97
81,373.47,878.31
82,372.13,879.65
83,370.79,880.99
84,369.45,882.33
85,368.1,883.68
86,366.75,885.03
87,365.4,886.38
88,364.05,887.73
89,362.7,889.08
90,361.34,890.44
91,359.99,891.79
92,358.63,893.15
93,357.26,894.52
94,355.9,895.88
95,354.53,897.25
96,353.16,898.62
97,351.79,899.99
98,350.42,901.36
99,349.05,902.73
100,347.67,904.11
101,346.29,905.49
102,344.91,906.87
103,343.53,908.25
104,342.14,909.64
105,340.76,911.02
106,339.37,912.41
107,337.98,913.8
108,336.58,915.2
109,335.19,916.59
110,333.79,917.99
111,332.39,919.39
112,330.99,920.79
113,329.58,922.2
114,328.18,923.6
115,326.77,925.01
116,325.36,926.42
117,323.94,927.84
118,322.53,929.25
119,321.11,930.67
120,319.69,932.09
121,318.27,933.51
122,316.85,934.93
123,315.42,936.36
124,313.99,937.79
125,312.56,939.22
126,311.13,940.65
127,309.7,942.08
128,308.26,943.52
129,306.82,944.96
130,305.38,946.4
131,303.94,947.84
132,302.49,949.29
133,301.04,950.74
134,299.59,952.19
135,298.14,953.64
136,296.69,955.09
137,295.23,956.55
138,293.77,958.01
139,292.31,959.47
140,290.85,960.93
141,289.38,962.4
142,287.91,963.87
143,286.45,965.33
144,284.97,966.81
145,283.5,968.28
146,282.02,969.76
147,280.54,971.24
148,279.06,972.72
149,277.58,974.2
150,276.09,975.69
151,274.6,977.18
152,273.11,978.67
153,271.62,980.16
154,270.13,981.65
155,268.63,983.15
156,267.13,984.65
157,265.63,986.15
158,264.13,987.65
159,262.62,989.16
160,261.11,990.67
161,259.6,992.18
162,258.09,993.69
163,256.57,995.21
164,255.05,996.73
165,253.53,998.25
166,252.01,999.77
167,250.49,1001.29
168,248.96,1002.82
169,247.43,1004.35
170,245.9,1005.88
171,244.37,1007.41
172,242.83,1008.95
173,241.29,1010.49
174,239.75,1012.03
175,238.21,1013.57
176,236.66,1015.12
177,235.11,1016.67
178,233.56,1018.22
179,232.01,1019.77
180,230.45,1021.33
181,228.9,1022.88
182,227.34,1024.44
183,225.77,1026.01
184,224.21,1027.57
